model,window_end,weekday,hour,mean_abs_error,mean_actual
LSTM,2013-12-17 15:10:00+01:00,Tuesday,15,395.74134419961837,3067.4866943359375
LSTM,2013-12-17 16:20:00+01:00,Tuesday,16,385.432188311346,3645.63720703125
LSTM,2013-12-17 16:00:00+01:00,Tuesday,16,357.23028303754927,3357.4422607421875
LSTM,2013-12-17 15:00:00+01:00,Tuesday,15,347.6105190764277,3197.0579833984375
LSTM,2013-12-18 14:10:00+01:00,Wednesday,14,346.269161367811,3733.4244384765625
SARIMA,2013-12-21 15:50:00+01:00,Saturday,15,509.9843248893115,4721.70068359375
SARIMA,2013-12-21 15:30:00+01:00,Saturday,15,488.1469470007446,4521.736083984375
SARIMA,2013-12-21 16:00:00+01:00,Saturday,16,457.6124537016303,4821.530192057292
SARIMA,2013-12-21 15:40:00+01:00,Saturday,15,442.0141019167351,4616.248453776042
SARIMA,2013-12-21 15:20:00+01:00,Saturday,15,433.8782547403275,4430.953938802083
SeasonalNaive,2013-12-16 16:30:00+01:00,Monday,16,2557.962361653646,2637.909383138021
SeasonalNaive,2013-12-16 15:50:00+01:00,Monday,15,2553.1844482421875,2453.6378173828125
SeasonalNaive,2013-12-16 16:20:00+01:00,Monday,16,2546.467976888021,2609.618123372396
SeasonalNaive,2013-12-16 16:10:00+01:00,Monday,16,2533.816162109375,2562.6031087239585
SeasonalNaive,2013-12-16 15:40:00+01:00,Monday,15,2522.083984375,2437.3138020833335
TCN,2013-12-22 19:50:00+01:00,Sunday,19,340.89523728078933,2060.9526570638022
TCN,2013-12-22 19:20:00+01:00,Sunday,19,311.218793661433,2857.7275390625
TCN,2013-12-22 19:30:00+01:00,Sunday,19,304.22199695338145,2601.081990559896
TCN,2013-12-22 19:40:00+01:00,Sunday,19,301.86679905906095,2347.3006998697915
TCN,2013-12-17 16:00:00+01:00,Tuesday,16,299.3350232353039,3357.4422607421875
LSTM,2013-12-17 16:40:00+01:00,Tuesday,16,344.2230847481085,3016.484130859375
LSTM,2013-12-17 17:00:00+01:00,Tuesday,17,334.1541325195538,3048.8831787109375
LSTM,2013-12-17 16:50:00+01:00,Tuesday,16,324.63554598223345,3022.969441731771
LSTM,2013-12-17 16:30:00+01:00,Tuesday,16,304.78339909150867,2953.5413411458335
LSTM,2013-12-17 16:20:00+01:00,Tuesday,16,298.59885765251875,2919.7364095052085
SARIMA,2013-12-16 09:10:00+01:00,Monday,9,288.9795410284439,1197.5677286783855
SARIMA,2013-12-16 09:20:00+01:00,Monday,9,276.4158365831829,1309.2550862630208
SARIMA,2013-12-16 09:00:00+01:00,Monday,9,275.87739969323815,1086.3836059570312
SARIMA,2013-12-18 16:10:00+01:00,Wednesday,16,272.288533125412,2610.197021484375
SARIMA,2013-12-21 00:20:00+01:00,Saturday,0,265.1610358175861,790.0961303710938
SeasonalNaive,2013-12-16 09:50:00+01:00,Monday,9,886.0414530436198,1538.3017578125
SeasonalNaive,2013-12-16 09:40:00+01:00,Monday,9,884.5124918619791,1474.8241373697917
SeasonalNaive,2013-12-16 10:00:00+01:00,Monday,10,867.6783752441406,1568.8410237630208
SeasonalNaive,2013-12-16 10:10:00+01:00,Monday,10,863.5495808919271,1636.4212443033855
SeasonalNaive,2013-12-16 10:20:00+01:00,Monday,10,831.2931416829427,1680.5177815755208
TCN,2013-12-17 16:40:00+01:00,Tuesday,16,251.00703864512911,3016.484130859375
TCN,2013-12-21 00:20:00+01:00,Saturday,0,241.4969055682874,790.0961303710938
TCN,2013-12-17 17:00:00+01:00,Tuesday,17,234.96355448084728,3048.8831787109375
TCN,2013-12-21 00:30:00+01:00,Saturday,0,232.56797068405592,743.3339335123698
TCN,2013-12-17 16:50:00+01:00,Tuesday,16,225.5086183220394,3022.969441731771
LSTM,2013-12-16 13:10:00+01:00,Monday,13,222.88238993226673,3376.3753255208335
LSTM,2013-12-19 18:30:00+01:00,Thursday,18,218.79054538982618,2501.114786783854
LSTM,2013-12-19 18:20:00+01:00,Thursday,18,216.27375395643412,2630.131795247396
LSTM,2013-12-17 16:10:00+01:00,Tuesday,16,212.87925227090727,3472.1597493489585
LSTM,2013-12-16 13:20:00+01:00,Monday,13,211.79922636624565,3400.419962565104
SARIMA,2013-12-16 18:00:00+01:00,Monday,18,425.709634620006,2834.6726888020835
SARIMA,2013-12-16 17:50:00+01:00,Monday,17,378.1543068315852,2877.972941080729
SARIMA,2013-12-16 18:10:00+01:00,Monday,18,343.11016015341835,2814.4326171875
SARIMA,2013-12-16 17:20:00+01:00,Monday,17,339.7417542811381,2917.069620768229
SARIMA,2013-12-16 09:10:00+01:00,Monday,9,330.89083845234956,1612.283935546875
SeasonalNaive,2013-12-16 13:20:00+01:00,Monday,13,2878.4724934895835,3400.419962565104
SeasonalNaive,2013-12-16 13:10:00+01:00,Monday,13,2854.448069254557,3376.3753255208335
SeasonalNaive,2013-12-16 13:30:00+01:00,Monday,13,2850.883860270182,3394.3739013671875
SeasonalNaive,2013-12-16 13:00:00+01:00,Monday,13,2825.3675791422525,3331.73046875
SeasonalNaive,2013-12-16 13:40:00+01:00,Monday,13,2786.362263997396,3334.6255696614585
TCN,2013-12-17 16:10:00+01:00,Tuesday,16,250.6370293111937,3472.1597493489585
TCN,2013-12-17 16:20:00+01:00,Tuesday,16,237.47911478596325,3556.6919759114585
TCN,2013-12-19 13:30:00+01:00,Thursday,13,216.29353203955102,3186.975830078125
TCN,2013-12-19 13:20:00+01:00,Thursday,13,215.6287044316849,3187.994099934896
TCN,2013-12-19 13:40:00+01:00,Thursday,13,198.81349295180817,3163.8557942708335
